<?xml version="1.0" encoding="utf-8"?>
<project xmlns="http://maven.apache.org/POM/4.0.0" xmlns:xsi="http://www.w3.org/2001/XMLSchema-instance" xsi:schemaLocation="http://maven.apache.org/POM/4.0.0 http://maven.apache.org/maven-v4_0_0.xsd">
    <modelVersion>4.0.0</modelVersion>
    <parent>
        <groupId>fr.soleil</groupId>
        <artifactId>super-pom-C-CPP-device</artifactId>
        <version>RELEASE</version>
    </parent>
	
    <groupId>fr.soleil.device</groupId>
    <artifactId>LimaDetector-amd64-Linux-gcc-${mode}</artifactId>
    <version>1.8.4</version>
	
    <packaging>nar</packaging>
    <name>LimaDetector</name>
    <description>LimaDetector device</description>
    
    <properties>
        <!-- path to the 64 bits libs -->
        <libs-64bits>/home/informatique/ica/ica/LIB_EL6_64</libs-64bits>
        <!--<aol>amd64-Linux-gcc</aol> -->
        <PROCESSLIB.name>ProcessLib</PROCESSLIB.name>
        <PROCESSLIB.version>1.3.8</PROCESSLIB.version>
        <CORE.name>Core</CORE.name>
        <CORE.version>1.7.7</CORE.version>
        <EIGER.name>Eiger</EIGER.name>
        <EIGER.version>2.1.7</EIGER.version>
        <SIMULATOR.name>Simulator</SIMULATOR.name>
        <SIMULATOR.version>1.3.15</SIMULATOR.version>
        <SLSJUNGFRAU.name>SlsJungfrau</SLSJUNGFRAU.name>
        <SLSJUNGFRAU.version>1.0.0</SLSJUNGFRAU.version>
    </properties>

    <scm>
        <connection>scm:git:git://github.com/soleil-ica/Lima-tango.git</connection>
        <developerConnection>scm:git:git://github.com/soleil-ica/Lima-tango.git</developerConnection>
        <url>https://github.com/soleil-ica/Lima-tango</url>
    </scm>

    <dependencies>
        <dependency>
            <groupId>fr.soleil.lib</groupId>
            <artifactId>LimaCore-amd64-Linux-gcc-shared-${mode}</artifactId>
            <version>${CORE.version}</version>
        </dependency>
        <!-- Lima Camera Plugins -->
        <dependency>
            <groupId>fr.soleil.lib.Lima.Camera</groupId>
            <artifactId>LimaSimulator-amd64-Linux-gcc-shared-${mode}</artifactId>
            <version>${SIMULATOR.version}</version>
        </dependency>
        <dependency>
            <groupId>fr.soleil.lib.Lima.Camera</groupId>
            <artifactId>LimaEiger-amd64-Linux-gcc-shared-${mode}</artifactId>
            <version>${EIGER.version}</version>
        </dependency>       
        <dependency>
            <groupId>fr.soleil.lib.Lima.Camera</groupId>
            <artifactId>LimaSlsJungfrau-amd64-Linux-gcc-shared-${mode}</artifactId>
            <version>${SLSJUNGFRAU.version}</version>
        </dependency>       
    </dependencies>
        
    <build>
        <plugins>
            <plugin>
                <groupId>org.freehep</groupId>
                <artifactId>freehep-nar-plugin</artifactId>
                <configuration>
                   
                    <cpp>
                        <sourceDirectory>${project.basedir}</sourceDirectory>                        
                        <includes>
                            <include>*.cpp</include>
                            <include>specifics/SimulatorCCD/*.cpp</include>							
                            <include>specifics/Eiger/*.cpp</include>
                            <include>specifics/SlsJungfrau/*.cpp</include>
                            <include>specifics/Layout/*.cpp</include>     			
                            <include>specifics/RoiCounters/*.cpp</include>
                        </includes>
                        <includePaths>                          
                            <includePath>src</includePath>                                   
                            <includePath>specifics/SimulatorCCD</includePath> 		
                            <includePath>specifics/Eiger</includePath> 
                            <includePath>specifics/SlsJungfrau</includePath>                             
                            <includePath>specifics/Layout</includePath>         
                            <includePath>specifics/RoiCounters</includePath>
                            <includePath>${libs-64bits}/my_breakpad/include</includePath> 		
                            <includePath>${libs-64bits}/gsl-1.11/include</includePath>       
                            <includePath>${libs-64bits}/lz4-r131/lib</includePath>       
                            <includePath>${libs-64bits}/libtango8-devel-8.1.2-16.el6.maxlab.x86_64/usr/include</includePath>       
                            <includePath>${libs-64bits}/liblog4tango5-devel-5.0.0-16.el6.maxlab.x86_64/usr/include</includePath>    
                            <includePath>${libs-64bits}/omniORB-devel-4.1.7-1.el6.x86_64/usr/include</includePath>  
                            <includePath>${libs-64bits}/zeromq-3.2.5/include</includePath>   
                                                       
                            <includePath>${libs-64bits}/hdf5-1.8.16/include</includePath>
                            <includePath>${libs-64bits}/yat-1.13.16/include</includePath>
                            <includePath>${libs-64bits}/yat4tango-1.10.6/include</includePath>
                            <includePath>${libs-64bits}/nexuscpp-3.2.2/include</includePath>                 
                        </includePaths>
                       
                        <defines>
                            <define>PROJECT_NAME=${project.name}</define>
                            <define>PROJECT_VERSION=${project.version}</define>
                            <define>PROCESSLIB_NAME=${PROCESSLIB.name}</define>
                            <define>PROCESSLIB_VERSION=${PROCESSLIB.version}</define>
                            <define>CORE_NAME=${CORE.name}</define>
                            <define>CORE_VERSION=${CORE.version}</define>
                            <define>EIGER_NAME=${EIGER.name}</define>
                            <define>EIGER_VERSION=${EIGER.version}</define>
                            <define>SIMULATOR_NAME=${SIMULATOR.name}</define>
                            <define>SIMULATOR_VERSION=${SIMULATOR.version}</define>
                            <define>SLSJUNGFRAU_NAME=${SLSJUNGFRAU.name}</define>
                            <define>SLSJUNGFRAU_VERSION=${SLSJUNGFRAU.version}</define>

                            <!-- define which detector you need to ENABLE -->      
                            <define>SIMULATOR_ENABLED</define> 						
                            <define>EIGER_ENABLED</define> 	
                            <define>SLSJUNGFRAU_ENABLED</define> 	
                            <define>LAYOUT_ENABLED</define>		  
                            <define>ROICOUNTERS_ENABLED</define>             
                            <define>SOLEIL_YAT_STREAM</define>
                            <define>UNIX_64_EL6</define>
                        </defines>                        
			
                    </cpp>        
					
                    <linker>
                        <libs>
                            <lib>
                                <!-- breakpad (??) 64 -->
                                <name>breakpad_client</name>
                                <type>static</type>
                                <directory>${libs-64bits}/my_breakpad/lib</directory>
                            </lib>
                            <lib>
                                <!-- omniORB4 (1.6) 64 -->
                                <name>omniORB4</name>
                                <type>shared</type>
                                <directory>${libs-64bits}/omniORB-4.1.7-1.el6.x86_64/usr/lib64</directory>
                            </lib>
                            <lib>
                                <!-- omniDynamic4 (1.6) 64 -->
                                <name>omniDynamic4</name>
                                <type>shared</type>
                                <directory>${libs-64bits}/omniORB-4.1.7-1.el6.x86_64/usr/lib64</directory>
                            </lib>
                            <lib>
                                <!-- COS4 (1.6) 64 -->
                                <name>COS4</name>
                                <type>shared</type>
                                <directory>${libs-64bits}/omniORB-4.1.7-1.el6.x86_64/usr/lib64</directory>
                            </lib>
                            <lib>
                                <!-- omniCodeSets4 (3.4) 64 -->
                                <name>omniCodeSets4</name>
                                <type>shared</type>
                                <directory>${libs-64bits}/omniORB-4.1.7-1.el6.x86_64/usr/lib64</directory>
                            </lib>
                            <lib>
                                <!-- omnithread (3.4) 64 -->
                                <name>omnithread</name>
                                <type>shared</type>
                                <directory>${libs-64bits}/omniORB-4.1.7-1.el6.x86_64/usr/lib64</directory>
                            </lib>
                            <lib>
                                <!-- zmq (3.X.Y) 64 -->
                                <name>zmq</name>
                                <type>shared</type>
                                <directory>${libs-64bits}/zeromq-3.2.5/lib/</directory>
                            </lib>
                            <lib>
                                <!-- tango (8.0.5) 64 -->
                                <name>tango</name>
                                <type>shared</type>
                                <directory>${libs-64bits}/libtango8-8.1.2-16.el6.maxlab.x86_64/usr/lib64</directory>
                            </lib>
                            <lib>
                                <!-- log4tango (4.0.7) 64 -->
                                <name>log4tango</name>
                                <type>shared</type>
                                <directory>${libs-64bits}/liblog4tango5-5.0.0-16.el6.maxlab.x86_64/usr/lib64</directory>
                            </lib>
                            <lib>
                                <!-- hdf5 (1.8.16) 64 -->
                                <name>hdf5</name>
                                <type>shared</type>
                                <directory>${libs-64bits}/hdf5-1.8.16/lib</directory>
                            </lib>
                            <lib>
                                <!-- hdf5 (1.8.16) 64 -->
                                <name>hdf5_cpp</name>
                                <type>shared</type>
                                <directory>${libs-64bits}/hdf5-1.8.16/lib</directory>
                            </lib>
                            <lib>
                                <!-- hdf5 (1.8.16) 64 -->
                                <name>hdf5_hl</name>
                                <type>shared</type>
                                <directory>${libs-64bits}/hdf5-1.8.16/lib</directory>
                            </lib>
                            <lib>
                                <!-- hdf5 (1.8.16) 64 -->
                                <name>hdf5_hl_cpp</name>
                                <type>shared</type>
                                <directory>${libs-64bits}/hdf5-1.8.16/lib</directory>
                            </lib>
                            <lib>
                                <!-- lz4 131 (1.7.1) 64 -->
                                <name>lz4</name>
                                <type>shared</type>
                                <directory>${libs-64bits}/lz4-r131/lib/</directory>
                            </lib>
                            <lib>
                                <!-- YAT (1.13.16) 64 -->
                                <name>YAT-amd64-Linux-gcc-shared-release-1.13.16</name>
                                <type>shared</type>
                                <directory>${libs-64bits}/yat-1.13.16/lib</directory>
                            </lib>
                            <lib>
                                <!-- YAT (1.10.4) 64 -->
                                <name>YAT4Tango-amd64-Linux-gcc-shared-release-1.10.6</name>
                                <type>shared</type>
                                <directory>${libs-64bits}/yat4tango-1.10.6/lib</directory>
                            </lib>                           
                            <lib>
                                <!-- NexusCPP (3.2.2) 64 -->
                                <name>NexusCPP-amd64-Linux-gcc-shared-release-3.2.2</name>
                                <type>shared</type>
                                <directory>${libs-64bits}/nexuscpp-3.2.2/lib</directory>
                            </lib>                                
                        </libs>
                    </linker>

                </configuration>
            </plugin>
        </plugins>
    </build>

    <developers>
        <developer>
            <id>noureddine</id>
            <name>noureddine</name>
            <url>http://controle/</url>
            <organization>Synchrotron Soleil</organization>
            <organizationUrl>http://www.synchrotron-soleil.fr</organizationUrl>
            <roles>
                <role>developper</role>
            </roles>
            <timezone>1</timezone>
        </developer>

        <developer>
            <id>langlois</id>
            <name>langlois</name>
            <url>http://controle/</url>
            <organization>Synchrotron Soleil</organization>
            <organizationUrl>http://www.synchrotron-soleil.fr</organizationUrl>
            <roles>
                <role>manager</role>
            </roles>
            <timezone>1</timezone>
        </developer>
    </developers>
</project>