<?xml version="1.0" encoding="utf-8"?>
<project xmlns="http://maven.apache.org/POM/4.0.0" xmlns:xsi="http://www.w3.org/2001/XMLSchema-instance" xsi:schemaLocation="http://maven.apache.org/POM/4.0.0 http://maven.apache.org/maven-v4_0_0.xsd">
    <modelVersion>4.0.0</modelVersion>
    <parent>
        <groupId>fr.soleil</groupId>
        <artifactId>super-pom-C-CPP-device</artifactId>
        <version>RELEASE</version>
    </parent>
	
    <groupId>fr.soleil.device</groupId>
    <artifactId>LimaDetector-amd64-Linux-gcc-${mode}</artifactId>
    <version>1.8.4</version>
	
    <packaging>nar</packaging>
    <name>LimaDetector</name>
    <description>LimaDetector device</description>
    
	<properties>
		<!-- path to the 64 bits libs -->
		<libs-64bits>/home/informatique/ica/langlois/binaries-backup/el5-64</libs-64bits>
		<!-- <aol>amd64-Linux-gcc</aol> -->
        <PROCESSLIB.name>ProcessLib</PROCESSLIB.name>
        <PROCESSLIB.version>1.3.8</PROCESSLIB.version>
        <CORE.name>Core</CORE.name>
        <CORE.version>1.7.7</CORE.version>
        <MAXIPIX.name>Maxipix</MAXIPIX.name>
        <MAXIPIX.version>1.0.1</MAXIPIX.version>
     	<SIMULATOR.name>Simulator</SIMULATOR.name>
        <SIMULATOR.version>1.3.14</SIMULATOR.version>
	</properties>

    <scm>
        <connection>scm:git:git://github.com/soleil-ica/Lima-tango.git</connection>
        <developerConnection>scm:git:git://github.com/soleil-ica/Lima-tango.git</developerConnection>
        <url>https://github.com/soleil-ica/Lima-tango</url>
    </scm>

    <dependencies>
        <dependency>
            <groupId>fr.soleil.lib</groupId>
            <artifactId>YAT4Tango-amd64-Linux-gcc-shared-${mode}</artifactId>
			<version>1.9.5</version>
        </dependency>
        <dependency>
            <groupId>fr.soleil.lib</groupId>
            <artifactId>YAT-amd64-Linux-gcc-shared-${mode}</artifactId>
			<version>1.12.0</version>
        </dependency>                   

        <dependency>
            <groupId>fr.soleil.lib</groupId>
            <artifactId>LimaCore-amd64-Linux-gcc-shared-${mode}</artifactId>
            <version>${CORE.version}</version>
        </dependency>
        <!-- Lima Camera Plugins -->
        <dependency>
            <groupId>fr.soleil.lib.Lima.Camera</groupId>
            <artifactId>LimaSimulator-amd64-Linux-gcc-shared-${mode}</artifactId>
            <version>${SIMULATOR.version}</version>
        </dependency>
        <dependency>
            <groupId>fr.soleil.lib.Lima.Camera</groupId>
            <artifactId>LimaMaxipix-amd64-Linux-gcc-shared-${mode}</artifactId>
            <version>${MAXIPIX.version}</version>
        </dependency>        
    </dependencies>
        
    <build>
        <plugins>
            <plugin>
                <groupId>org.freehep</groupId>
                <artifactId>freehep-nar-plugin</artifactId>
                <configuration>
                   
                    <cpp>
                        <sourceDirectory>${project.basedir}</sourceDirectory>                        
                        <includes>
                            <include>*.cpp</include>
                            <include>specifics/SimulatorCCD/*.cpp</include>							
                            <include>specifics/Maxipix/*.cpp</include>							
                        </includes>
                        <includePaths>                          
                            <includePath>src</includePath>                                   
                            <includePath>specifics/SimulatorCCD</includePath> 		
                            <includePath>specifics/Maxipix</includePath> 		
							<!-- <includePath>${libs-64bits}/my_breakpad/include</includePath> 		 -->

                        </includePaths>
                                
                        <defines>
                            <define>PROJECT_NAME=${project.name}</define>
                            <define>PROJECT_VERSION=${project.version}</define>
                            <define>PROCESSLIB_NAME=${PROCESSLIB.name}</define>
                            <define>PROCESSLIB_VERSION=${PROCESSLIB.version}</define>
                            <define>CORE_NAME=${CORE.name}</define>
                            <define>CORE_VERSION=${CORE.version}</define>
                            <define>MAXIPIX_NAME=${MAXIPIX.name}</define>
                            <define>MAXIPIX_VERSION=${MAXIPIX.version}</define>
                            <define>SIMULATOR_NAME=${SIMULATOR.name}</define>
                            <define>SIMULATOR_VERSION=${SIMULATOR.version}</define>

                            <define>UNIX_64_EL5</define>	<!-- in order to avoid compilation of BREAKPAD CRASH HANDLER-->
                            <!-- define which detector you need to ENABLE -->      
                            <define>SIMULATOR_ENABLED</define> 						
                            <define>MAXIPIX_ENABLED</define> 						
                        </defines>                        
			
                    </cpp>        
					
					<linker>
						<libs>
							<!-- <lib> -->
								<!-- breakpad (??) 64 -->
								<!-- <name>breakpad_client</name>
								<type>static</type>
								<directory>${libs-64bits}/my_breakpad/lib</directory> -->
							<!-- </lib> -->
							<lib>
								<!-- omniORB4 (1.6) 64 -->
								<name>omniORB4</name>
								<type>shared</type>
								<directory>/users/blissadm/tango/redhate5_64/lib/</directory>
							</lib>
							<lib>
								<!-- omniDynamic4 (1.6) 64 -->
								<name>omniDynamic4</name>
								<type>shared</type>
								<directory>/users/blissadm/tango/redhate5_64/lib/</directory>
							</lib>
							<lib>
								<!-- COS4 (1.6) 64 -->
								<name>COS4</name>
								<type>shared</type>
								<directory>/users/blissadm/tango/redhate5_64/lib/</directory>
							</lib>
							<lib>
								<!-- omnithread (3.4) 64 -->
								<name>omnithread</name>
								<type>shared</type>
								<directory>/users/blissadm/tango/redhate5_64/lib/</directory>
							</lib>
							<lib>
								<!-- zmq (3.X.Y) 64 -->
								<name>zmq</name>
								<type>shared</type>
								<directory>/users/blissadm/tango/redhate5_64/lib/</directory>
							</lib>
							<lib>
								<!-- tango (8.0.5) 64 -->
								<name>tango</name>
								<type>shared</type>
								<directory>/users/blissadm/tango/redhate5_64/lib/</directory>
							</lib>
							<lib>
								<!-- log4tango (4.0.7) 64 -->
								<name>log4tango</name>
								<type>shared</type>
								<directory>/users/blissadm/tango/redhate5_64/lib/</directory>
							</lib>
							<lib>
								<!-- hdf5 (1.8.13) 64 -->
								<name>hdf5</name>
								<type>shared</type>
								<directory>/users/opid00/test-ica/fl-ica/hdf5-1.8.13/build/lib</directory>
							</lib>
							<lib>
								<!-- hdf5 (1.8.13) 64 -->
								<name>hdf5_cpp</name>
								<type>shared</type>
								<directory>/users/opid00/test-ica/fl-ica/hdf5-1.8.13/build/lib</directory>
							</lib>
							<lib>
								<!-- hdf5 (1.8.13) 64 -->
								<name>hdf5_hl</name>
								<type>shared</type>
								<directory>/users/opid00/test-ica/fl-ica/hdf5-1.8.13/build/lib</directory>
							</lib>
							<lib>
								<!-- hdf5 (1.8.13) 64 -->
								<name>hdf5_hl_cpp</name>
								<type>shared</type>
								<directory>/users/opid00/test-ica/fl-ica/hdf5-1.8.13/build/lib</directory>
							</lib>
							<lib>
								<!-- gsl (1.11) 64-->
								<name>gsl</name>
								<type>shared</type>
								<directory>/users/opid00/test-ica/fl-ica/gsl-1.11/build/lib/</directory>
							</lib>
							<lib>
								<!-- gsl (1.11) 64-->
								<name>gslcblas</name>
								<type>shared</type>
								<directory>/users/opid00/test-ica/fl-ica/gsl-1.11/build/lib/</directory>
							</lib>
						</libs>
					</linker>

                </configuration>
            </plugin>
        </plugins>
    </build>

    <developers>
        <developer>
            <id>noureddine</id>
            <name>noureddine</name>
            <url>http://controle/</url>
            <organization>Synchrotron Soleil</organization>
            <organizationUrl>http://www.synchrotron-soleil.fr</organizationUrl>
            <roles>
                <role>developper</role>
            </roles>
            <timezone>1</timezone>
        </developer>

        <developer>
            <id>langlois</id>
            <name>langlois</name>
            <url>http://controle/</url>
            <organization>Synchrotron Soleil</organization>
            <organizationUrl>http://www.synchrotron-soleil.fr</organizationUrl>
            <roles>
                <role>manager</role>
            </roles>
            <timezone>1</timezone>
        </developer>
    </developers>
</project>
