<?xml version="1.0" encoding="UTF-8"?>
<project xmlns="http://maven.apache.org/POM/4.0.0" xmlns:xsi="http://www.w3.org/2001/XMLSchema-instance"
         xsi:schemaLocation="http://maven.apache.org/POM/4.0.0 http://maven.apache.org/maven-v4_0_0.xsd">
    <modelVersion>4.0.0</modelVersion>
    <parent>
        <groupId>fr.soleil</groupId>
        <artifactId>super-pom-C-CPP</artifactId>
        <version>RELEASE</version>
    </parent>

    <groupId>fr.soleil.lib.Lima.Camera</groupId>
    <artifactId>LimaSlsJungfrau-amd64-Linux-gcc-shared-${mode}</artifactId>
    <version>1.0.0</version>

    <packaging>nar</packaging>
    <name>LimaSlsJungfrau</name>
    <description>This module controls the Sls Jungfrau Detectors</description>
    
	<properties>
		<!-- path to the 64 bits libs ${FL-64bits-libs} -->
        <FL-64bits-libs>../../../binaries-backup-master/el6-64</FL-64bits-libs>
	</properties>
    
    <scm>
        <connection>scm:git:git://github.com/soleil-ica/Lima-camera-slsjungfrau.git</connection>
        <developerConnection>scm:git:git://github.com/soleil-ica/Lima-camera-slsjungfrau.git</developerConnection>
        <url>https://github.com/soleil-ica/Lima-camera-slsjungfrau</url>
    </scm>

    <dependencies>
        <dependency>
            <groupId>fr.soleil.lib</groupId>
			<artifactId>LimaCore-amd64-Linux-gcc-shared-${mode}</artifactId>
            <version>1.7.7-SNAPSHOT</version>
        </dependency>
    </dependencies>

    <build>
        <plugins>
            <plugin>
                <groupId>org.freehep</groupId>
                <artifactId>freehep-nar-plugin</artifactId>
                <configuration>
                    <cpp>
                        <sourceDirectory>src</sourceDirectory>
                        <includePaths>
                            <includePath>include</includePath>
                            <includePath>slsDetectorPackage\slsDetectorSoftware\commonFiles</includePath>
                            <includePath>slsDetectorPackage\slsDetectorSoftware\multiSlsDetector</includePath>
                            <includePath>slsDetectorPackage\slsDetectorSoftware\slsDetector</includePath>
                            <includePath>slsDetectorPackage\slsDetectorSoftware\slsDetectorAnalysis</includePath>
                            <includePath>slsDetectorPackage\slsDetectorSoftware\slsReceiverInterface</includePath>
                            <includePath>slsDetectorPackage\slsDetectorSoftware\threadFiles</includePath>
							<includePath>slsDetectorPackage\slsReceiverSoftware\include</includePath>
                        </includePaths>         
                        <!-- define less verbose mode for gcc-->
                        <options>
                            <option>-w</option>
                        </options>
                        <defines>
                            <!--<define>SIMULATOR</define>-->
                        </defines>
                    </cpp>
					<linker>
					<libs>
						<lib>
							<!-- libSlsDetector (1.0.0) 64 -->
							<name>SlsDetector</name>
							<type>static</type>
							<directory>./slsDetectorPackage/bin/</directory>
						</lib>
						<lib>
							<!-- libSlsReceiver (1.0.0) 64 -->
							<name>SlsReceiver</name>
							<type>static</type>
							<directory>./slsDetectorPackage/bin/</directory>
						</lib>
					</libs>
				   </linker>
                    <libraries>
                        <library>
                            <type>shared</type>
                        </library>
                    </libraries>
                </configuration>
            </plugin>
            <plugin>
                <groupId>fr.soleil.maven.plugins</groupId>
                <artifactId>maven-check-plugin</artifactId>
                <configuration>
                    <enable>false</enable>
                </configuration>
            </plugin>			
        </plugins>
    </build>

	<developers>
		<developer>
           <id>castel</id>
           <name>castel</name>
           <url>http://controle/</url>
           <organization>Synchrotron Soleil</organization>
           <organizationUrl>http://www.synchrotron-soleil.fr</organizationUrl>
           <roles>
               <role>developer</role>
           </roles>
           <timezone>1</timezone>
       </developer>

	   <developer>
            <id>noureddine</id>
            <name>noureddine</name>
            <url>http://controle/</url>
            <organization>Synchrotron Soleil</organization>
            <organizationUrl>http://www.synchrotron-soleil.fr</organizationUrl>
            <roles>
                <role>manager</role>
            </roles>
            <timezone>1</timezone>
        </developer>
		
    </developers>

</project>
